1		以下の「チェックするページを見る」ボタンを押して課題を実行してください	課題開始はこちらから→	http://18.176.100.68/room/room01?participant_label=10001	最後の画面で提示されたキーワードを入力後、下のボタンを押してください		A7K3B	1235760323
2		以下の「チェックするページを見る」ボタンを押して課題を実行してください	課題開始はこちらから→	http://18.176.100.68/room/room01?participant_label=10002	最後の画面で提示されたキーワードを入力後、下のボタンを押してください		A7K3B	1235232160
3		以下の「チェックするページを見る」ボタンを押して課題を実行してください	課題開始はこちらから→	http://18.176.100.68/room/room01?participant_label=10003	最後の画面で提示されたキーワードを入力後、下のボタンを押してください		A7K3B	1237078326
4		以下の「チェックするページを見る」ボタンを押して課題を実行してください	課題開始はこちらから→	http://18.176.100.68/room/room01?participant_label=10004	最後の画面で提示されたキーワードを入力後、下のボタンを押してください		A7K3B	1234011003
5		以下の「チェックするページを見る」ボタンを押して課題を実行してください	課題開始はこちらから→	http://18.176.100.68/room/room01?participant_label=10005	最後の画面で提示されたキーワードを入力後、下のボタンを押してください		A7K3B	1234398521
6		以下の「チェックするページを見る」ボタンを押して課題を実行してください	課題開始はこちらから→	http://18.176.100.68/room/room01?participant_label=10006	最後の画面で提示されたキーワードを入力後、下のボタンを押してください		A7K3B	1233449113
7		以下の「チェックするページを見る」ボタンを押して課題を実行してください	課題開始はこちらから→	http://18.176.100.68/room/room01?participant_label=10007	最後の画面で提示されたキーワードを入力後、下のボタンを押してください		すすまない	1234134196
8		以下の「チェックするページを見る」ボタンを押して課題を実行してください	課題開始はこちらから→	http://18.176.100.68/room/room01?participant_label=10008	最後の画面で提示されたキーワードを入力後、下のボタンを押してください		A7K3B	1236211733
9		以下の「チェックするページを見る」ボタンを押して課題を実行してください	課題開始はこちらから→	http://18.176.100.68/room/room01?participant_label=10009	最後の画面で提示されたキーワードを入力後、下のボタンを押してください		A7K3B	1235414834
10		以下の「チェックするページを見る」ボタンを押して課題を実行してください	課題開始はこちらから→	http://18.176.100.68/room/room01?participant_label=10010	最後の画面で提示されたキーワードを入力後、下のボタンを押してください		A7K3B	1236962682
11		以下の「チェックするページを見る」ボタンを押して課題を実行してください	課題開始はこちらから→	http://18.176.100.68/room/room01?participant_label=10011	最後の画面で提示されたキーワードを入力後、下のボタンを押してください		A7K3B	1232967173
12		以下の「チェックするページを見る」ボタンを押して課題を実行してください	課題開始はこちらから→	http://18.176.100.68/room/room01?participant_label=10012	最後の画面で提示されたキーワードを入力後、下のボタンを押してください		A7K3B	1237771326
13		以下の「チェックするページを見る」ボタンを押して課題を実行してください	課題開始はこちらから→	http://18.176.100.68/room/room01?participant_label=10013	最後の画面で提示されたキーワードを入力後、下のボタンを押してください		A7K3B	1233898505
14		以下の「チェックするページを見る」ボタンを押して課題を実行してください	課題開始はこちらから→	http://18.176.100.68/room/room01?participant_label=10014	最後の画面で提示されたキーワードを入力後、下のボタンを押してください		A7K3B	1232550322
15		以下の「チェックするページを見る」ボタンを押して課題を実行してください	課題開始はこちらから→	http://18.176.100.68/room/room01?participant_label=10015	最後の画面で提示されたキーワードを入力後、下のボタンを押してください		A7K3B	1224944955
16		以下の「チェックするページを見る」ボタンを押して課題を実行してください	課題開始はこちらから→	http://18.176.100.68/room/room01?participant_label=10016	最後の画面で提示されたキーワードを入力後、下のボタンを押してください		A7K3B	1233693883
17		以下の「チェックするページを見る」ボタンを押して課題を実行してください	課題開始はこちらから→	http://18.176.100.68/room/room01?participant_label=10017	最後の画面で提示されたキーワードを入力後、下のボタンを押してください		A7K3B	1233725127
18		以下の「チェックするページを見る」ボタンを押して課題を実行してください	課題開始はこちらから→	http://18.176.100.68/room/room01?participant_label=10018	最後の画面で提示されたキーワードを入力後、下のボタンを押してください		W8P2Q	1227956884
19		以下の「チェックするページを見る」ボタンを押して課題を実行してください	課題開始はこちらから→	http://18.176.100.68/room/room01?participant_label=10019	最後の画面で提示されたキーワードを入力後、下のボタンを押してください		A7K3B	1234661974
20		以下の「チェックするページを見る」ボタンを押して課題を実行してください	課題開始はこちらから→	http://18.176.100.68/room/room01?participant_label=10020	最後の画面で提示されたキーワードを入力後、下のボタンを押してください		A7K3B	1232670859
21		以下の「チェックするページを見る」ボタンを押して課題を実行してください	課題開始はこちらから→	http://18.176.100.68/room/room01?participant_label=10021	最後の画面で提示されたキーワードを入力後、下のボタンを押してください		A7K3B	1232944809
22		以下の「チェックするページを見る」ボタンを押して課題を実行してください	課題開始はこちらから→	http://18.176.100.68/room/room01?participant_label=10022	最後の画面で提示されたキーワードを入力後、下のボタンを押してください		A7K3B	1232000614
23		以下の「チェックするページを見る」ボタンを押して課題を実行してください	課題開始はこちらから→	http://18.176.100.68/room/room01?participant_label=10023	最後の画面で提示されたキーワードを入力後、下のボタンを押してください		A7K3B	1233440454
24		以下の「チェックするページを見る」ボタンを押して課題を実行してください	課題開始はこちらから→	http://18.176.100.68/room/room01?participant_label=10024	最後の画面で提示されたキーワードを入力後、下のボタンを押してください		W8P2Q	1229307331
25		以下の「チェックするページを見る」ボタンを押して課題を実行してください	課題開始はこちらから→	http://18.176.100.68/room/room01?participant_label=10025	最後の画面で提示されたキーワードを入力後、下のボタンを押してください		A7K3B	1229479352
26		以下の「チェックするページを見る」ボタンを押して課題を実行してください	課題開始はこちらから→	http://18.176.100.68/room/room01?participant_label=10026	最後の画面で提示されたキーワードを入力後、下のボタンを押してください		A7K3B	1230123043
27		以下の「チェックするページを見る」ボタンを押して課題を実行してください	課題開始はこちらから→	http://18.176.100.68/room/room01?participant_label=10027	最後の画面で提示されたキーワードを入力後、下のボタンを押してください		A7K3B	1234197981
28		以下の「チェックするページを見る」ボタンを押して課題を実行してください	課題開始はこちらから→	http://18.176.100.68/room/room01?participant_label=10028	最後の画面で提示されたキーワードを入力後、下のボタンを押してください		A7K3B	1237913367
29		以下の「チェックするページを見る」ボタンを押して課題を実行してください	課題開始はこちらから→	http://18.176.100.68/room/room01?participant_label=10029	最後の画面で提示されたキーワードを入力後、下のボタンを押してください		A7K3B	1236230049
30		以下の「チェックするページを見る」ボタンを押して課題を実行してください	課題開始はこちらから→	http://18.176.100.68/room/room01?participant_label=10030	最後の画面で提示されたキーワードを入力後、下のボタンを押してください		X7R5T	1238653743
31		以下の「チェックするページを見る」ボタンを押して課題を実行してください	課題開始はこちらから→	http://18.176.100.68/room/room01?participant_label=10031	最後の画面で提示されたキーワードを入力後、下のボタンを押してください		A7K3B	1237792425
32		以下の「チェックするページを見る」ボタンを押して課題を実行してください	課題開始はこちらから→	http://18.176.100.68/room/room01?participant_label=10032	最後の画面で提示されたキーワードを入力後、下のボタンを押してください		A7K3B	1228610714
33		以下の「チェックするページを見る」ボタンを押して課題を実行してください	課題開始はこちらから→	http://18.176.100.68/room/room01?participant_label=10033	最後の画面で提示されたキーワードを入力後、下のボタンを押してください		A7K3B	1229623487
34		以下の「チェックするページを見る」ボタンを押して課題を実行してください	課題開始はこちらから→	http://18.176.100.68/room/room01?participant_label=10034	最後の画面で提示されたキーワードを入力後、下のボタンを押してください		A7K3B	1238949204
35		以下の「チェックするページを見る」ボタンを押して課題を実行してください	課題開始はこちらから→	http://18.176.100.68/room/room01?participant_label=10035	最後の画面で提示されたキーワードを入力後、下のボタンを押してください		A7K3B	1228484420
36		以下の「チェックするページを見る」ボタンを押して課題を実行してください	課題開始はこちらから→	http://18.176.100.68/room/room01?participant_label=10036	最後の画面で提示されたキーワードを入力後、下のボタンを押してください		W8P2Q	1233790207
37		以下の「チェックするページを見る」ボタンを押して課題を実行してください	課題開始はこちらから→	http://18.176.100.68/room/room01?participant_label=10037	最後の画面で提示されたキーワードを入力後、下のボタンを押してください		A7K3B	1224934942
38		以下の「チェックするページを見る」ボタンを押して課題を実行してください	課題開始はこちらから→	http://18.176.100.68/room/room01?participant_label=10038	最後の画面で提示されたキーワードを入力後、下のボタンを押してください		A7K3B	1237957843
39		以下の「チェックするページを見る」ボタンを押して課題を実行してください	課題開始はこちらから→	http://18.176.100.68/room/room01?participant_label=10039	最後の画面で提示されたキーワードを入力後、下のボタンを押してください		W8P2Q	1230241438
40		以下の「チェックするページを見る」ボタンを押して課題を実行してください	課題開始はこちらから→	http://18.176.100.68/room/room01?participant_label=10040	最後の画面で提示されたキーワードを入力後、下のボタンを押してください		A7K3B	1235490203
41		以下の「チェックするページを見る」ボタンを押して課題を実行してください	課題開始はこちらから→	http://18.176.100.68/room/room01?participant_label=10041	最後の画面で提示されたキーワードを入力後、下のボタンを押してください		A7K3B	1224938299
42		以下の「チェックするページを見る」ボタンを押して課題を実行してください	課題開始はこちらから→	http://18.176.100.68/room/room01?participant_label=10042	最後の画面で提示されたキーワードを入力後、下のボタンを押してください		A7K3B	1234359492
43		以下の「チェックするページを見る」ボタンを押して課題を実行してください	課題開始はこちらから→	http://18.176.100.68/room/room01?participant_label=10043	最後の画面で提示されたキーワードを入力後、下のボタンを押してください		A7K3B	1230757608
44		以下の「チェックするページを見る」ボタンを押して課題を実行してください	課題開始はこちらから→	http://18.176.100.68/room/room01?participant_label=10044	最後の画面で提示されたキーワードを入力後、下のボタンを押してください		A7K3B	1224940519
45		以下の「チェックするページを見る」ボタンを押して課題を実行してください	課題開始はこちらから→	http://18.176.100.68/room/room01?participant_label=10045	最後の画面で提示されたキーワードを入力後、下のボタンを押してください		A7K3B	1234664424
46		以下の「チェックするページを見る」ボタンを押して課題を実行してください	課題開始はこちらから→	http://18.176.100.68/room/room01?participant_label=10046	最後の画面で提示されたキーワードを入力後、下のボタンを押してください		A7K3B	1232607180
47		以下の「チェックするページを見る」ボタンを押して課題を実行してください	課題開始はこちらから→	http://18.176.100.68/room/room01?participant_label=10047	最後の画面で提示されたキーワードを入力後、下のボタンを押してください		A7K3B	1232159264
48		以下の「チェックするページを見る」ボタンを押して課題を実行してください	課題開始はこちらから→	http://18.176.100.68/room/room01?participant_label=10048	最後の画面で提示されたキーワードを入力後、下のボタンを押してください		A7K3B	1225777013
49		以下の「チェックするページを見る」ボタンを押して課題を実行してください	課題開始はこちらから→	http://18.176.100.68/room/room01?participant_label=10049	最後の画面で提示されたキーワードを入力後、下のボタンを押してください		A7K3B	1232689511
50		以下の「チェックするページを見る」ボタンを押して課題を実行してください	課題開始はこちらから→	http://18.176.100.68/room/room01?participant_label=10050	最後の画面で提示されたキーワードを入力後、下のボタンを押してください		A7K3B	1231631796
51		以下の「チェックするページを見る」ボタンを押して課題を実行してください	課題開始はこちらから→	http://18.176.100.68/room/room01?participant_label=10051	最後の画面で提示されたキーワードを入力後、下のボタンを押してください		A7K3B	1236380543
52		以下の「チェックするページを見る」ボタンを押して課題を実行してください	課題開始はこちらから→	http://18.176.100.68/room/room01?participant_label=10052	最後の画面で提示されたキーワードを入力後、下のボタンを押してください		A7K3B	1236807094
53		以下の「チェックするページを見る」ボタンを押して課題を実行してください	課題開始はこちらから→	http://18.176.100.68/room/room01?participant_label=10053	最後の画面で提示されたキーワードを入力後、下のボタンを押してください		A7K3B	1230061334
54		以下の「チェックするページを見る」ボタンを押して課題を実行してください	課題開始はこちらから→	http://18.176.100.68/room/room01?participant_label=10054	最後の画面で提示されたキーワードを入力後、下のボタンを押してください		A7K3B	1237700957
55		以下の「チェックするページを見る」ボタンを押して課題を実行してください	課題開始はこちらから→	http://18.176.100.68/room/room01?participant_label=10055	最後の画面で提示されたキーワードを入力後、下のボタンを押してください		A7K3B	1239210236
56		以下の「チェックするページを見る」ボタンを押して課題を実行してください	課題開始はこちらから→	http://18.176.100.68/room/room01?participant_label=10056	最後の画面で提示されたキーワードを入力後、下のボタンを押してください		A7K3B	1237273534
57		以下の「チェックするページを見る」ボタンを押して課題を実行してください	課題開始はこちらから→	http://18.176.100.68/room/room01?participant_label=10057	最後の画面で提示されたキーワードを入力後、下のボタンを押してください		A7K3B	1237662494
58		以下の「チェックするページを見る」ボタンを押して課題を実行してください	課題開始はこちらから→	http://18.176.100.68/room/room01?participant_label=10058	最後の画面で提示されたキーワードを入力後、下のボタンを押してください		A7K3B	1230924539
59		以下の「チェックするページを見る」ボタンを押して課題を実行してください	課題開始はこちらから→	http://18.176.100.68/room/room01?participant_label=10059	最後の画面で提示されたキーワードを入力後、下のボタンを押してください		W8P2Q	1233108386
60		以下の「チェックするページを見る」ボタンを押して課題を実行してください	課題開始はこちらから→	http://18.176.100.68/room/room01?participant_label=10060	最後の画面で提示されたキーワードを入力後、下のボタンを押してください		A7K3B	1231920741
61		以下の「チェックするページを見る」ボタンを押して課題を実行してください	課題開始はこちらから→	http://18.176.100.68/room/room01?participant_label=10061	最後の画面で提示されたキーワードを入力後、下のボタンを押してください		A7K3B	1233523621
62		以下の「チェックするページを見る」ボタンを押して課題を実行してください	課題開始はこちらから→	http://18.176.100.68/room/room01?participant_label=10062	最後の画面で提示されたキーワードを入力後、下のボタンを押してください		W8P2Q	1236653786
63		以下の「チェックするページを見る」ボタンを押して課題を実行してください	課題開始はこちらから→	http://18.176.100.68/room/room01?participant_label=10063	最後の画面で提示されたキーワードを入力後、下のボタンを押してください		A7K3B	1225809034
64		以下の「チェックするページを見る」ボタンを押して課題を実行してください	課題開始はこちらから→	http://18.176.100.68/room/room01?participant_label=10064	最後の画面で提示されたキーワードを入力後、下のボタンを押してください		W8P2Q	1237384681
65		以下の「チェックするページを見る」ボタンを押して課題を実行してください	課題開始はこちらから→	http://18.176.100.68/room/room01?participant_label=10065	最後の画面で提示されたキーワードを入力後、下のボタンを押してください		A7K3B	1232136291
66		以下の「チェックするページを見る」ボタンを押して課題を実行してください	課題開始はこちらから→	http://18.176.100.68/room/room01?participant_label=10066	最後の画面で提示されたキーワードを入力後、下のボタンを押してください		A7K3B	1229752932
67		以下の「チェックするページを見る」ボタンを押して課題を実行してください	課題開始はこちらから→	http://18.176.100.68/room/room01?participant_label=10067	最後の画面で提示されたキーワードを入力後、下のボタンを押してください		W8P2Q	1239876053
68		以下の「チェックするページを見る」ボタンを押して課題を実行してください	課題開始はこちらから→	http://18.176.100.68/room/room01?participant_label=10068	最後の画面で提示されたキーワードを入力後、下のボタンを押してください		W8P2Q	1226191757
69		以下の「チェックするページを見る」ボタンを押して課題を実行してください	課題開始はこちらから→	http://18.176.100.68/room/room01?participant_label=10069	最後の画面で提示されたキーワードを入力後、下のボタンを押してください		A7K3B	1232657212
70		以下の「チェックするページを見る」ボタンを押して課題を実行してください	課題開始はこちらから→	http://18.176.100.68/room/room01?participant_label=10070	最後の画面で提示されたキーワードを入力後、下のボタンを押してください		A7K3B	1234965726
71		以下の「チェックするページを見る」ボタンを押して課題を実行してください	課題開始はこちらから→	http://18.176.100.68/room/room01?participant_label=10071	最後の画面で提示されたキーワードを入力後、下のボタンを押してください		A7K3B	1237146426
72		以下の「チェックするページを見る」ボタンを押して課題を実行してください	課題開始はこちらから→	http://18.176.100.68/room/room01?participant_label=10072	最後の画面で提示されたキーワードを入力後、下のボタンを押してください		A7K3B	1239940468
73		以下の「チェックするページを見る」ボタンを押して課題を実行してください	課題開始はこちらから→	http://18.176.100.68/room/room01?participant_label=10073	最後の画面で提示されたキーワードを入力後、下のボタンを押してください		A7K3B	1234136495
74		以下の「チェックするページを見る」ボタンを押して課題を実行してください	課題開始はこちらから→	http://18.176.100.68/room/room01?participant_label=10074	最後の画面で提示されたキーワードを入力後、下のボタンを押してください		W8P2Q	1230673403
75		以下の「チェックするページを見る」ボタンを押して課題を実行してください	課題開始はこちらから→	http://18.176.100.68/room/room01?participant_label=10075	最後の画面で提示されたキーワードを入力後、下のボタンを押してください		A7K3B	1226927602
76		以下の「チェックするページを見る」ボタンを押して課題を実行してください	課題開始はこちらから→	http://18.176.100.68/room/room01?participant_label=10076	最後の画面で提示されたキーワードを入力後、下のボタンを押してください		A7K3B	1238712311
77		以下の「チェックするページを見る」ボタンを押して課題を実行してください	課題開始はこちらから→	http://18.176.100.68/room/room01?participant_label=10077	最後の画面で提示されたキーワードを入力後、下のボタンを押してください		A7K3B	1232629628
78		以下の「チェックするページを見る」ボタンを押して課題を実行してください	課題開始はこちらから→	http://18.176.100.68/room/room01?participant_label=10078	最後の画面で提示されたキーワードを入力後、下のボタンを押してください		W8P2Q	1227004012
79		以下の「チェックするページを見る」ボタンを押して課題を実行してください	課題開始はこちらから→	http://18.176.100.68/room/room01?participant_label=10079	最後の画面で提示されたキーワードを入力後、下のボタンを押してください		A7K3B	1232726676
80		以下の「チェックするページを見る」ボタンを押して課題を実行してください	課題開始はこちらから→	http://18.176.100.68/room/room01?participant_label=10080	最後の画面で提示されたキーワードを入力後、下のボタンを押してください		X7R5T	1231198994
81		以下の「チェックするページを見る」ボタンを押して課題を実行してください	課題開始はこちらから→	http://18.176.100.68/room/room01?participant_label=10081	最後の画面で提示されたキーワードを入力後、下のボタンを押してください		A7K3B	1235801874
82		以下の「チェックするページを見る」ボタンを押して課題を実行してください	課題開始はこちらから→	http://18.176.100.68/room/room01?participant_label=10082	最後の画面で提示されたキーワードを入力後、下のボタンを押してください		A7K3B	1231289086
83		以下の「チェックするページを見る」ボタンを押して課題を実行してください	課題開始はこちらから→	http://18.176.100.68/room/room01?participant_label=10083	最後の画面で提示されたキーワードを入力後、下のボタンを押してください		A7K3B	1231416143
84		以下の「チェックするページを見る」ボタンを押して課題を実行してください	課題開始はこちらから→	http://18.176.100.68/room/room01?participant_label=10084	最後の画面で提示されたキーワードを入力後、下のボタンを押してください		A7K3B	1239198687
85		以下の「チェックするページを見る」ボタンを押して課題を実行してください	課題開始はこちらから→	http://18.176.100.68/room/room01?participant_label=10085	最後の画面で提示されたキーワードを入力後、下のボタンを押してください		A7K3B	1235454573
86		以下の「チェックするページを見る」ボタンを押して課題を実行してください	課題開始はこちらから→	http://18.176.100.68/room/room01?participant_label=10086	最後の画面で提示されたキーワードを入力後、下のボタンを押してください		W8P2Q	1240426974
87		以下の「チェックするページを見る」ボタンを押して課題を実行してください	課題開始はこちらから→	http://18.176.100.68/room/room01?participant_label=10087	最後の画面で提示されたキーワードを入力後、下のボタンを押してください		A7K3B	1224970996
88		以下の「チェックするページを見る」ボタンを押して課題を実行してください	課題開始はこちらから→	http://18.176.100.68/room/room01?participant_label=10088	最後の画面で提示されたキーワードを入力後、下のボタンを押してください		A7K3B	1236005382
89		以下の「チェックするページを見る」ボタンを押して課題を実行してください	課題開始はこちらから→	http://18.176.100.68/room/room01?participant_label=10089	最後の画面で提示されたキーワードを入力後、下のボタンを押してください		A7K3B	1229115773
90		以下の「チェックするページを見る」ボタンを押して課題を実行してください	課題開始はこちらから→	http://18.176.100.68/room/room01?participant_label=10090	最後の画面で提示されたキーワードを入力後、下のボタンを押してください		A7K3B	1233586094
91		以下の「チェックするページを見る」ボタンを押して課題を実行してください	課題開始はこちらから→	http://18.176.100.68/room/room01?participant_label=10091	最後の画面で提示されたキーワードを入力後、下のボタンを押してください		A7K3B	1232929533
92		以下の「チェックするページを見る」ボタンを押して課題を実行してください	課題開始はこちらから→	http://18.176.100.68/room/room01?participant_label=10092	最後の画面で提示されたキーワードを入力後、下のボタンを押してください		A7K3B	1239844626
93		以下の「チェックするページを見る」ボタンを押して課題を実行してください	課題開始はこちらから→	http://18.176.100.68/room/room01?participant_label=10093	最後の画面で提示されたキーワードを入力後、下のボタンを押してください		A7K3B	1233063755
94		以下の「チェックするページを見る」ボタンを押して課題を実行してください	課題開始はこちらから→	http://18.176.100.68/room/room01?participant_label=10094	最後の画面で提示されたキーワードを入力後、下のボタンを押してください		A7K3B	1229250703
95		以下の「チェックするページを見る」ボタンを押して課題を実行してください	課題開始はこちらから→	http://18.176.100.68/room/room01?participant_label=10095	最後の画面で提示されたキーワードを入力後、下のボタンを押してください		W8P2Q	1237183281
96		以下の「チェックするページを見る」ボタンを押して課題を実行してください	課題開始はこちらから→	http://18.176.100.68/room/room01?participant_label=10096	最後の画面で提示されたキーワードを入力後、下のボタンを押してください		A7K3B	1233704793
97		以下の「チェックするページを見る」ボタンを押して課題を実行してください	課題開始はこちらから→	http://18.176.100.68/room/room01?participant_label=10097	最後の画面で提示されたキーワードを入力後、下のボタンを押してください		A7K3B	1233811808
98		以下の「チェックするページを見る」ボタンを押して課題を実行してください	課題開始はこちらから→	http://18.176.100.68/room/room01?participant_label=10098	最後の画面で提示されたキーワードを入力後、下のボタンを押してください		A7K3B	1237404117
99		以下の「チェックするページを見る」ボタンを押して課題を実行してください	課題開始はこちらから→	http://18.176.100.68/room/room01?participant_label=10099	最後の画面で提示されたキーワードを入力後、下のボタンを押してください		A7K3B	1236629912
100		以下の「チェックするページを見る」ボタンを押して課題を実行してください	課題開始はこちらから→	http://18.176.100.68/room/room01?participant_label=10100	最後の画面で提示されたキーワードを入力後、下のボタンを押してください		A7K3B	1236154647
